archetype,seed,year,treasury,tax,trade,upkeep,net,routes,resTotal,gold,iron,timber,horses
passive,7,1,137,27,16,46,-3,0,171,3,15,60,12
passive,7,2,92,24,16,46,-6,0,175,3,15,60,12
passive,7,3,0,26,16,46,-4,0,179,3,15,60,12
passive,7,4,0,28,16,48,-4,0,213,3,15,60,12
passive,7,5,0,28,16,48,-4,0,217,3,15,60,12
passive,7,6,0,25,16,48,-7,0,221,3,15,60,12
passive,7,7,0,25,16,48,-7,0,225,3,15,60,12
passive,7,8,0,24,16,46,-6,0,229,3,15,60,12
passive,7,9,0,22,16,44,-6,0,233,3,15,60,12
passive,7,10,9,21,16,44,-7,0,237,3,15,60,12
passive,7,11,0,24,16,44,-4,0,241,3,15,60,12
passive,7,12,0,25,16,44,-3,0,245,3,15,60,12
passive,7,13,0,27,16,45,-2,0,249,3,15,60,12
passive,7,14,0,29,16,46,-1,0,253,3,15,60,12
passive,7,15,0,24,16,44,-4,0,257,3,15,60,12
passive,7,16,0,24,16,44,-4,0,261,3,15,60,12
passive,7,17,0,28,16,44,0,0,278,3,15,60,12
passive,7,18,0,30,16,48,-2,0,282,3,15,60,12
passive,7,19,0,28,16,48,-4,0,286,3,15,60,12
passive,7,20,0,28,16,48,-4,0,290,3,15,60,12
passive,7,21,5,37,16,48,5,0,294,3,15,60,12
passive,7,22,0,32,16,48,0,0,298,3,15,60,12
passive,7,23,0,34,16,48,2,0,302,3,15,60,12
passive,7,24,0,38,16,48,6,0,306,3,15,60,12
passive,7,25,3,44,16,48,12,0,310,3,15,60,12
passive,42,1,135,25,16,46,-5,0,175,3,15,60,12
passive,42,2,130,26,16,46,-4,0,183,3,15,60,12
passive,42,3,103,28,16,46,-2,0,191,3,15,60,12
passive,42,4,96,24,16,46,-6,0,199,3,15,60,12
passive,42,5,84,24,16,46,-6,0,207,3,15,60,12
passive,42,6,39,24,16,46,-6,0,215,3,15,60,12
passive,42,7,32,24,16,46,-6,0,223,3,15,60,12
passive,42,8,89,22,16,46,-8,0,231,3,15,60,12
passive,42,9,82,23,16,46,-7,0,239,3,15,60,12
passive,42,10,75,24,16,46,-6,0,247,3,15,60,12
passive,42,11,70,25,16,46,-5,0,255,3,15,60,12
passive,42,12,64,28,16,49,-5,0,263,3,15,60,12
passive,42,13,58,28,16,50,-6,0,271,3,15,60,12
passive,42,14,141,25,16,50,-9,0,279,3,15,60,12
passive,42,15,84,28,16,50,-6,0,287,3,15,60,12
passive,42,16,78,28,16,50,-6,0,310,3,15,60,12
passive,42,17,77,32,16,49,-1,0,303,3,15,60,12
passive,42,18,72,29,16,49,-4,0,311,3,15,60,12
passive,42,19,67,28,16,49,-5,0,319,3,15,60,12
passive,42,20,88,32,16,49,-1,0,329,3,15,60,14
passive,42,21,0,28,16,48,-4,0,351,3,15,60,14
passive,42,22,0,28,16,48,-4,0,359,3,15,60,14
passive,42,23,0,28,16,48,-4,0,367,3,15,60,14
passive,42,24,0,28,16,47,-3,0,375,3,15,60,14
passive,42,25,0,28,16,47,-3,0,383,3,15,60,14
passive,42,26,0,28,16,45,-1,0,391,3,15,60,14
passive,42,27,0,28,16,44,0,0,399,3,15,60,14
passive,42,28,0,25,16,44,-3,0,407,3,15,60,14
passive,42,29,75,28,16,44,0,0,433,3,15,60,14
passive,42,30,0,24,16,44,-4,0,441,3,15,60,14
passive,42,31,0,24,16,44,-4,0,449,3,15,60,14
passive,42,32,0,22,16,44,-6,0,457,3,15,60,14
passive,42,33,0,27,16,44,-1,0,465,3,15,60,14
passive,42,34,0,24,16,44,-4,0,473,3,15,60,14
passive,42,35,0,24,16,44,-4,0,481,3,15,60,14
passive,42,36,0,30,16,48,-2,0,489,3,15,60,14
passive,42,37,0,28,16,48,-4,0,497,3,15,60,14
passive,42,38,84,28,16,48,-4,0,505,3,15,60,14
passive,42,39,78,26,16,48,-6,0,514,3,15,60,15
passive,42,40,0,30,16,48,-2,0,524,3,15,60,17
passive,42,41,0,29,16,48,-3,0,536,3,15,60,21
passive,42,42,0,32,16,48,0,0,548,3,15,60,25
passive,42,43,0,32,16,48,0,0,560,3,15,60,29
passive,42,44,0,35,16,48,3,0,572,3,15,60,33
passive,42,45,1,30,16,48,-2,0,584,3,15,60,37
conquest,7,1,103,27,16,53,-10,0,184,3,16,65,12
conquest,7,2,48,24,16,54,-14,0,195,3,17,68,12
conquest,7,3,0,26,16,55,-13,0,199,3,17,68,12
conquest,7,4,0,28,16,58,-14,0,233,3,17,68,12
conquest,7,5,0,28,16,57,-13,0,237,3,17,68,12
conquest,7,6,0,25,16,59,-18,0,241,3,17,68,12
conquest,7,7,0,25,16,65,-24,0,245,3,17,68,12
conquest,7,8,0,26,16,65,-23,0,249,3,17,68,12
conquest,7,9,28,28,16,64,-20,0,253,3,17,68,12
conquest,7,10,82,28,16,65,-21,0,257,3,17,68,12
conquest,7,11,34,32,16,64,-16,0,261,3,17,68,12
conquest,7,12,18,33,16,64,-15,0,265,3,17,68,12
conquest,7,13,0,32,16,64,-16,0,269,3,17,68,12
conquest,7,14,0,35,16,66,-15,0,273,3,17,68,12
conquest,7,15,0,32,16,72,-24,0,277,3,17,68,12
conquest,7,16,0,32,16,72,-24,0,281,3,17,68,12
conquest,7,17,0,36,16,72,-20,0,298,3,17,68,12
conquest,7,18,0,38,16,72,-18,0,302,3,17,68,12
conquest,7,19,0,34,16,72,-22,0,306,3,17,68,12
conquest,7,20,0,34,16,72,-22,0,310,3,17,68,12
conquest,7,21,0,44,16,72,-12,0,314,3,17,68,12
conquest,7,22,0,36,16,72,-20,0,318,3,17,68,12
conquest,7,23,62,47,19,80,-14,0,402,10,27,100,14
conquest,7,24,39,70,28,89,9,0,423,10,27,108,23
conquest,7,25,2,72,28,81,19,0,443,10,27,114,33
conquest,7,26,9,52,28,73,7,0,447,10,27,114,33
conquest,7,27,9,47,28,75,0,0,453,10,27,114,33
conquest,7,28,6,52,28,72,8,0,461,10,27,114,33
conquest,7,29,2,52,28,72,8,0,469,10,27,114,33
conquest,7,30,0,56,28,74,10,0,477,10,27,114,33
conquest,7,31,7,54,28,75,7,0,485,10,27,114,33
conquest,7,32,10,51,28,76,3,0,515,10,49,114,33
conquest,7,33,39,52,28,76,4,0,523,10,49,114,33
conquest,7,34,109,68,28,77,19,0,531,10,49,114,33
conquest,7,35,68,64,28,77,15,0,541,10,49,115,33
conquest,7,36,101,76,28,86,18,0,627,10,58,141,33
conquest,7,37,51,90,28,96,22,0,658,10,58,141,33
conquest,7,38,51,102,32,101,33,0,765,17,82,157,33
conquest,42,1,56,25,16,53,-12,0,175,3,15,60,12
conquest,42,2,0,26,16,52,-10,0,190,3,16,63,12
conquest,42,3,0,28,16,52,-8,0,198,3,16,63,12
conquest,42,4,0,24,16,52,-12,0,206,3,16,63,12
conquest,42,5,42,24,16,52,-12,0,214,3,16,63,12
conquest,42,6,0,24,16,54,-14,0,222,3,16,63,12
conquest,42,7,0,24,16,60,-20,0,230,3,16,63,12
conquest,42,8,43,22,16,60,-22,0,238,3,16,63,12
conquest,42,9,22,23,16,60,-21,0,246,3,16,63,12
conquest,42,10,2,24,16,60,-20,0,254,3,16,63,12
conquest,42,11,0,25,16,60,-19,0,262,3,16,63,12
conquest,42,12,0,28,16,63,-19,0,270,3,16,63,12
conquest,42,13,0,28,16,64,-20,0,278,3,16,63,12
conquest,42,14,0,25,16,66,-25,0,286,3,16,63,12
conquest,42,15,0,28,16,72,-28,0,294,3,16,63,12
conquest,42,16,0,28,16,72,-28,0,317,3,16,63,12
conquest,42,17,0,32,16,72,-24,0,310,3,16,63,12
conquest,42,18,0,29,16,72,-27,0,318,3,16,63,12
conquest,42,19,0,28,16,72,-28,0,326,3,16,63,12
conquest,42,20,0,30,16,72,-26,0,334,3,16,63,12
conquest,42,21,0,28,16,69,-25,0,356,3,16,63,12
conquest,42,22,0,28,16,70,-26,0,364,3,16,63,12
conquest,42,23,0,28,16,72,-28,0,372,3,16,63,12
conquest,42,24,0,25,16,70,-29,0,382,3,16,63,12
conquest,42,25,0,24,16,68,-28,0,394,3,16,63,12
faith,7,1,54,27,16,54,-11,0,155,3,15,60,12
faith,7,2,1,24,16,54,-14,0,157,3,15,60,12
faith,7,3,0,26,16,54,-12,0,159,3,15,60,12
faith,7,4,0,28,16,56,-12,0,190,3,15,60,12
faith,7,5,0,28,16,55,-11,0,190,3,15,60,12
faith,7,6,0,24,16,52,-12,0,190,3,15,60,12
faith,7,7,0,21,16,52,-15,0,190,3,15,60,12
faith,7,8,0,21,16,54,-17,0,190,3,15,60,12
faith,7,9,0,21,16,60,-23,0,190,3,15,60,12
faith,7,10,0,21,16,60,-23,0,176,3,15,60,12
faith,7,11,0,24,16,60,-20,0,176,3,15,60,12
faith,7,12,0,25,16,60,-19,0,178,3,15,60,12
faith,7,13,0,24,16,60,-20,0,180,3,15,60,12
faith,7,14,0,26,16,60,-18,0,182,3,15,60,12
faith,7,15,0,24,16,60,-20,0,184,3,15,60,12
faith,7,16,0,24,16,60,-20,0,186,3,15,60,12
faith,7,17,0,28,16,60,-16,0,201,3,15,60,12
faith,7,18,0,31,16,64,-17,0,201,3,15,60,12
faith,42,1,52,25,16,54,-13,0,159,3,15,60,12
faith,42,2,39,26,16,54,-12,0,165,3,15,60,12
faith,42,3,4,28,16,54,-10,0,171,3,15,60,12
faith,42,4,0,24,16,54,-14,0,177,3,15,60,12
faith,42,5,41,24,16,54,-14,0,183,3,15,60,12
faith,42,6,0,24,16,53,-13,0,189,3,15,60,12
faith,42,7,0,24,16,53,-13,0,195,3,15,60,12
faith,42,8,48,22,16,55,-17,0,201,3,15,60,12
faith,42,9,26,23,16,61,-22,0,207,3,15,60,12
faith,42,10,5,24,16,61,-21,0,213,3,15,60,12
faith,42,11,0,25,16,61,-20,0,219,3,15,60,12
faith,42,12,0,28,16,64,-20,0,225,3,15,60,12
faith,42,13,0,28,16,65,-21,0,231,3,15,60,12
faith,42,14,0,25,16,64,-23,0,237,3,15,60,12
faith,42,15,0,28,16,64,-20,0,243,3,15,60,12
faith,42,16,0,28,16,63,-19,0,260,3,15,60,12
faith,42,17,0,32,16,63,-15,0,255,3,15,60,12
faith,42,18,0,29,16,64,-19,0,261,3,15,60,12
faith,42,19,0,28,16,64,-20,0,267,3,15,60,12
faith,42,20,0,30,16,64,-18,0,259,3,15,60,12
faith,42,21,0,28,16,64,-20,0,277,3,15,60,12
faith,42,22,0,28,16,64,-20,0,281,3,15,60,12
faith,42,23,0,28,16,64,-20,0,285,3,15,60,12
faith,42,24,0,27,16,60,-17,0,290,3,15,60,12
faith,42,25,0,25,16,60,-19,0,296,3,15,60,12
faith,42,26,0,26,16,60,-18,0,302,3,15,60,12
merchant,7,1,116,75,16,54,37,0,67,3,15,10,12
merchant,7,2,136,92,16,54,54,0,33,3,4,0,6
merchant,7,3,59,95,16,54,57,0,35,3,4,0,6
merchant,7,4,115,99,16,56,59,0,51,3,4,0,6
merchant,7,5,192,100,16,56,60,0,40,3,4,0,6
merchant,7,6,138,89,16,58,47,0,38,3,4,0,6
merchant,7,7,0,88,16,64,40,0,40,3,4,0,6
merchant,7,8,0,83,16,62,37,0,38,3,4,0,6
merchant,7,9,13,84,16,60,40,0,40,3,4,0,6
merchant,7,10,24,83,16,60,39,0,38,3,4,0,6
merchant,7,11,61,96,16,60,52,0,40,3,4,0,6
merchant,7,12,139,100,16,60,56,0,38,3,4,0,6
merchant,7,13,191,96,16,61,51,0,40,3,4,0,6
merchant,7,14,47,104,16,64,56,0,38,3,4,0,6
merchant,7,15,31,96,16,68,44,0,40,3,4,0,6
merchant,7,16,11,96,16,68,44,0,38,3,4,0,6
merchant,7,17,0,109,16,68,57,0,52,3,4,0,6
merchant,7,18,91,106,16,72,50,0,37,3,4,0,6
merchant,7,19,144,100,16,72,44,0,39,3,4,0,6
merchant,7,20,72,100,16,72,44,0,37,3,4,0,6
merchant,7,21,151,126,16,72,70,0,39,3,4,0,6
merchant,7,22,140,108,16,80,44,0,37,3,4,0,6
merchant,7,23,0,112,16,80,48,0,39,3,4,0,6
merchant,7,24,71,121,16,80,57,0,37,3,4,0,6
merchant,7,25,18,134,16,80,70,0,39,3,4,0,6
merchant,7,26,113,136,16,80,72,0,37,3,4,0,6
merchant,7,27,181,123,16,80,59,0,39,3,4,0,6
merchant,7,28,273,141,16,80,77,0,37,3,4,0,6
merchant,7,29,335,144,16,80,80,0,39,3,4,0,6
merchant,7,30,422,144,16,80,80,0,37,3,4,0,6
merchant,7,31,487,144,16,80,80,0,39,3,4,0,6
merchant,7,32,676,140,16,80,76,0,48,3,7,0,6
merchant,7,33,838,143,16,82,77,0,41,3,7,0,6
merchant,7,34,917,184,16,84,116,0,39,3,7,0,6
merchant,7,35,999,168,16,84,100,0,41,3,7,0,6
merchant,7,36,1120,172,16,84,104,0,39,3,7,0,6
merchant,7,37,1226,155,16,92,79,0,41,3,7,0,6
merchant,7,38,1342,173,16,92,97,0,39,3,7,0,6
merchant,7,39,1463,194,16,92,118,0,41,3,7,0,6
merchant,7,40,1594,180,16,92,104,0,39,3,7,0,6
merchant,7,41,1709,180,16,92,104,0,41,3,7,0,6
merchant,7,42,1871,219,16,92,143,0,39,3,7,0,6
merchant,7,43,1927,198,16,92,122,0,41,3,7,0,6
merchant,7,44,2122,176,16,92,100,0,39,3,7,0,6
merchant,7,45,2237,180,16,92,104,0,41,3,7,0,6
merchant,7,46,2383,195,16,92,119,0,39,3,7,0,6
merchant,7,47,2600,224,16,92,148,0,41,3,7,0,6
merchant,7,48,2392,170,16,92,94,0,39,3,7,0,6
merchant,7,49,2544,217,16,92,141,0,41,3,7,0,6
merchant,7,50,2697,202,16,92,126,0,39,3,7,0,6
merchant,7,51,2828,196,16,92,120,0,41,3,7,0,6
merchant,7,52,2855,210,16,92,134,0,39,3,7,0,6
merchant,7,53,2986,196,16,92,120,0,41,3,7,0,6
merchant,7,54,3255,203,176,100,279,0,39,3,7,0,6
merchant,7,55,3547,173,176,100,249,0,42,3,7,0,6
merchant,7,56,3910,200,176,100,276,0,40,3,7,0,6
merchant,7,57,4178,181,176,100,257,0,42,3,7,0,6
merchant,7,58,4471,211,176,100,287,0,40,3,7,0,6
merchant,7,59,4766,220,176,104,292,0,42,3,7,0,6
merchant,7,60,5085,252,176,104,324,0,40,3,7,0,6
merchant,7,61,5362,232,176,104,304,0,42,3,7,0,6
merchant,7,62,5843,246,176,104,318,0,45,3,8,0,6
merchant,7,63,6186,222,176,104,294,0,39,3,4,0,6
merchant,7,64,6671,250,176,104,322,0,45,3,8,0,6
merchant,7,65,7052,224,176,112,288,0,45,3,8,0,6
merchant,7,66,7394,224,176,112,288,0,39,3,4,0,6
merchant,7,67,7688,248,176,112,312,0,41,3,4,0,6
merchant,7,68,8021,238,176,108,306,0,39,3,4,0,6
merchant,7,69,8320,220,176,108,288,0,62,3,4,0,6
merchant,7,70,8685,223,176,112,287,0,39,3,4,0,6
merchant,7,71,8958,206,176,112,270,0,41,3,4,0,6
merchant,7,72,9351,224,176,112,288,0,39,3,4,0,6
merchant,7,73,9623,197,176,112,261,0,41,3,4,0,6
merchant,7,74,9965,250,176,111,315,0,39,3,4,0,6
merchant,7,75,10316,207,176,112,271,0,41,3,4,0,6
merchant,7,76,10585,199,176,114,261,0,39,3,4,0,6
merchant,7,77,10880,228,176,112,292,0,41,3,4,0,6
merchant,7,78,11301,229,176,112,293,0,39,3,4,0,6
merchant,7,79,11658,282,176,112,346,0,41,3,4,0,6
merchant,7,80,12114,290,176,112,354,0,39,3,4,0,6
merchant,7,81,12506,267,176,116,327,0,41,3,4,0,6
merchant,7,82,12859,283,176,125,334,0,39,3,4,0,6
merchant,7,83,13211,296,176,131,341,0,41,3,4,0,6
merchant,7,84,13649,304,176,138,342,0,39,3,4,0,6
merchant,7,85,13956,263,176,143,296,0,41,3,4,0,6
merchant,7,86,14279,304,176,149,331,0,39,3,4,0,6
merchant,7,87,14571,316,176,154,338,0,41,3,4,0,6
merchant,7,88,14986,320,176,159,337,0,39,3,4,0,6
merchant,7,89,15370,363,176,166,373,0,41,3,4,0,6
merchant,7,90,15747,387,176,172,391,0,39,3,4,0,6
merchant,7,91,16128,372,176,178,370,0,41,3,4,0,6
merchant,7,92,16499,361,176,185,352,0,61,3,26,0,6
merchant,7,93,16979,377,176,195,358,0,44,3,7,0,6
merchant,7,94,17279,307,176,202,281,0,42,3,7,0,6
merchant,7,95,17728,383,176,207,352,0,44,3,7,0,6
merchant,7,96,18086,369,176,214,331,0,42,3,7,0,6
merchant,7,97,18437,383,176,219,340,0,44,3,7,0,6
merchant,7,98,18792,377,176,225,328,0,42,3,7,0,6
merchant,7,99,19113,385,176,231,330,0,44,3,7,0,6
merchant,7,100,19502,435,176,241,370,0,42,3,7,0,6
merchant,42,1,117,68,16,54,30,0,71,3,15,10,12
merchant,42,2,176,92,16,54,54,0,40,3,4,0,6
merchant,42,3,244,104,16,54,66,0,40,3,4,0,6
merchant,42,4,316,92,16,54,54,0,40,3,4,0,6
merchant,42,5,383,92,16,54,54,0,40,3,4,0,6
merchant,42,6,416,92,16,56,52,0,40,3,4,0,6
merchant,42,7,482,92,16,62,46,0,40,3,4,0,6
merchant,42,8,605,83,16,62,37,0,40,3,4,0,6
merchant,42,9,667,86,16,62,40,0,40,3,4,0,6
merchant,42,10,734,92,16,62,46,0,40,3,4,0,6
merchant,42,11,805,95,16,62,49,0,40,3,4,0,6
merchant,42,12,874,97,16,65,48,0,40,3,4,0,6
merchant,42,13,942,96,16,66,46,0,40,3,4,0,6
merchant,42,14,1091,87,16,68,35,0,40,3,4,0,6
merchant,42,15,1100,96,16,74,38,0,40,3,4,0,6
merchant,42,16,1182,96,16,74,38,0,45,3,4,0,6
merchant,42,17,1257,110,16,73,53,0,40,3,4,0,6
merchant,42,18,1325,103,16,73,46,0,40,3,4,0,6
merchant,42,19,1391,100,16,73,43,0,40,3,4,0,6
merchant,42,20,1462,110,16,81,45,0,42,3,4,0,8
merchant,42,21,1446,100,16,80,36,0,40,3,4,0,4
merchant,42,22,1480,100,16,80,36,0,36,3,4,0,4
merchant,42,23,1378,100,16,80,36,0,36,3,4,0,4
merchant,42,24,1007,100,16,79,37,0,36,3,4,0,4
merchant,42,25,1065,100,16,80,36,0,36,3,4,0,4
merchant,42,26,965,100,16,79,37,0,36,3,4,0,4
merchant,42,27,788,100,16,76,40,0,36,3,4,0,4
merchant,42,28,850,100,16,76,40,0,36,3,4,0,4
merchant,42,29,826,110,16,76,50,0,49,3,4,0,4
merchant,42,30,550,97,16,76,37,0,41,3,4,0,4
merchant,42,31,489,96,16,76,36,0,41,3,4,0,4
merchant,42,32,538,87,16,76,27,0,41,3,4,0,4
merchant,42,33,507,110,16,76,50,0,41,3,4,0,4
merchant,42,34,457,96,16,84,28,0,41,3,4,0,4
merchant,42,35,509,96,16,84,28,0,41,3,4,0,4
merchant,42,36,569,108,16,88,36,0,44,3,4,0,7
merchant,42,37,442,101,16,88,29,0,41,3,4,0,4
merchant,42,38,451,100,16,88,28,0,41,3,4,0,4
merchant,42,39,495,92,16,88,20,0,41,3,4,0,4
merchant,42,40,408,100,16,88,28,0,41,3,4,0,4
merchant,42,41,292,89,16,88,17,0,41,3,4,0,4
merchant,42,42,144,100,16,88,28,0,41,3,4,0,4
merchant,42,43,195,100,16,88,28,0,41,3,4,0,4
merchant,42,44,132,110,16,88,38,0,41,3,4,0,4
merchant,42,45,178,95,16,88,23,0,41,3,4,0,4
merchant,42,46,30,103,16,88,31,0,43,3,4,0,6
merchant,42,47,132,94,16,88,22,0,44,3,4,0,7
merchant,42,48,207,126,16,88,54,0,44,3,4,0,7
merchant,42,49,163,129,16,88,57,0,44,3,4,0,7
merchant,42,50,256,110,16,88,38,0,44,3,4,0,7
merchant,42,51,359,120,16,88,48,0,44,3,4,0,7
merchant,42,52,352,120,32,92,60,0,44,3,4,0,7
merchant,42,53,517,152,54,96,110,0,44,3,4,0,7
merchant,42,54,523,116,57,96,77,0,44,3,4,0,7
merchant,42,55,677,129,66,96,99,0,44,3,4,0,7
merchant,42,56,884,107,80,96,91,0,44,3,4,0,7
merchant,42,57,1059,120,95,96,119,0,44,3,4,0,7
merchant,42,58,1240,147,109,96,160,0,44,3,4,0,7
merchant,42,59,1450,124,125,96,153,0,44,3,4,0,7
merchant,42,60,1752,128,148,96,180,0,44,3,4,0,7
merchant,42,61,2016,133,168,96,205,0,44,3,4,0,7
merchant,42,62,2288,133,176,96,213,0,44,3,4,0,7
merchant,42,63,2539,116,176,100,192,0,44,3,4,0,7
merchant,42,64,2799,129,176,104,201,0,44,3,4,0,7
merchant,42,65,3062,132,176,104,204,0,49,3,4,0,7
merchant,42,66,3338,145,176,104,217,0,44,3,4,0,7
merchant,42,67,3655,144,176,104,216,0,51,3,4,0,6
merchant,42,68,3935,149,176,104,221,0,45,3,4,0,6
merchant,42,69,4187,144,176,104,216,0,45,3,4,0,6
merchant,42,70,4464,146,176,104,218,0,45,3,4,0,6
merchant,42,71,4776,181,176,104,253,0,45,3,4,0,6
merchant,42,72,5029,144,176,104,216,0,45,3,4,0,6
merchant,42,73,5308,151,176,107,220,0,45,3,4,0,6
merchant,42,74,5601,166,176,108,234,0,45,3,4,0,6
merchant,42,75,5888,160,176,108,228,0,45,3,4,0,6
merchant,42,76,6176,161,176,108,229,0,45,3,4,0,6
merchant,42,77,6521,177,176,108,245,0,45,3,4,0,6
merchant,42,78,6828,180,176,108,248,0,45,3,4,0,6
merchant,42,79,7143,188,176,108,256,0,52,3,4,0,6
merchant,42,80,7461,191,176,108,259,0,45,3,4,0,6
merchant,42,81,7885,204,176,108,272,0,45,3,4,0,6
merchant,42,82,8181,206,176,108,274,0,45,3,4,0,6
merchant,42,83,8524,216,176,108,284,0,45,3,4,0,6
merchant,42,84,8876,225,176,108,293,0,45,3,4,0,6
merchant,42,85,9234,213,176,108,281,0,49,3,4,0,6
merchant,42,86,9767,261,176,108,329,0,44,3,4,0,6
merchant,42,87,10042,181,176,108,249,0,44,3,4,0,6
merchant,42,88,10357,189,176,109,256,0,44,3,4,0,6
merchant,42,89,10718,234,176,108,302,0,44,3,4,0,6
merchant,42,90,11101,256,176,108,324,0,44,3,4,0,6
merchant,42,91,11493,236,176,112,300,0,44,3,4,0,6
merchant,42,92,11795,207,176,112,271,0,44,3,4,0,6
merchant,42,93,12185,267,176,112,331,0,44,3,4,0,6
merchant,42,94,12613,251,176,118,309,0,44,3,4,0,6
merchant,42,95,12996,272,176,124,324,0,44,3,4,0,6
merchant,42,96,13409,309,176,131,354,0,44,3,4,0,6
merchant,42,97,13822,221,176,137,260,0,44,3,4,0,6
merchant,42,98,14194,284,176,143,317,0,44,3,4,0,6
merchant,42,99,14564,287,176,152,311,0,44,3,4,0,6
merchant,42,100,14941,300,176,158,318,0,44,3,4,0,6
nomad,7,1,75,27,16,54,-11,0,171,3,15,60,12
nomad,7,2,56,24,16,53,-13,0,193,3,17,67,12
nomad,7,3,0,26,16,54,-12,0,197,3,17,67,12
nomad,7,4,0,28,16,56,-12,0,231,3,17,67,12
nomad,7,5,0,28,16,56,-12,0,235,3,17,67,12
nomad,7,6,0,25,16,58,-17,0,239,3,17,67,12
nomad,7,7,0,25,16,64,-23,0,243,3,17,67,12
nomad,7,8,0,24,16,63,-23,0,247,3,17,67,12
nomad,7,9,0,23,16,61,-22,0,251,3,17,67,12
nomad,7,10,0,21,16,60,-23,0,255,3,17,67,12
nomad,7,11,0,24,16,60,-20,0,259,3,17,67,12
nomad,7,12,0,25,16,60,-19,0,263,3,17,67,12
nomad,7,13,0,27,16,61,-18,0,267,3,17,67,12
nomad,7,14,0,29,16,62,-17,0,271,3,17,67,12
nomad,7,15,0,24,16,60,-20,0,275,3,17,67,12
nomad,7,16,0,24,16,60,-20,0,279,3,17,67,12
nomad,7,17,0,28,16,60,-16,0,296,3,17,67,12
nomad,7,18,0,30,16,64,-18,0,300,3,17,67,12
nomad,7,19,0,28,16,66,-22,0,304,3,17,67,12
nomad,7,20,0,28,16,64,-20,0,308,3,17,67,12
nomad,7,21,0,37,16,64,-11,0,312,3,17,67,12
nomad,7,22,0,32,16,64,-16,0,316,3,17,67,12
nomad,7,23,0,34,16,64,-14,0,320,3,17,67,12
nomad,7,24,0,39,16,64,-9,0,324,3,17,67,12
nomad,7,25,0,44,16,64,-4,0,328,3,17,67,12
nomad,42,1,73,25,16,54,-13,0,175,3,15,60,12
nomad,42,2,37,26,16,53,-11,0,187,3,15,62,12
nomad,42,3,2,28,16,53,-9,0,195,3,15,62,12
nomad,42,4,31,24,16,52,-12,0,204,3,15,63,12
nomad,42,5,42,24,16,52,-12,0,212,3,15,63,12
nomad,42,6,0,24,16,54,-14,0,220,3,15,63,12
nomad,42,7,0,24,16,60,-20,0,228,3,15,63,12
nomad,42,8,24,22,16,61,-23,0,236,3,15,63,12
nomad,42,9,2,23,16,61,-22,0,244,3,15,63,12
nomad,42,10,0,24,16,61,-21,0,252,3,15,63,12
nomad,42,11,0,25,16,61,-20,0,260,3,15,63,12
nomad,42,12,0,28,16,63,-19,0,268,3,15,63,12
nomad,42,13,0,28,16,64,-20,0,276,3,15,63,12
nomad,42,14,0,25,16,64,-23,0,284,3,15,63,12
nomad,42,15,0,28,16,64,-20,0,292,3,15,63,12
nomad,42,16,0,28,16,64,-20,0,315,3,15,63,12
nomad,42,17,0,32,16,66,-18,0,308,3,15,63,12
nomad,42,18,0,29,16,64,-19,0,316,3,15,63,12
nomad,42,19,0,28,16,64,-20,0,324,3,15,63,12
nomad,42,20,55,30,16,64,-18,0,332,3,15,63,12
nomad,42,21,16,28,16,65,-21,0,354,3,15,63,12
nomad,42,22,0,28,16,65,-21,0,362,3,15,63,12
nomad,42,23,0,28,16,65,-21,0,370,3,15,63,12
nomad,42,24,0,28,16,64,-20,0,378,3,15,63,12
nomad,42,25,0,28,16,64,-20,0,386,3,15,63,12
nomad,42,26,0,28,16,64,-20,0,394,3,15,63,12
nomad,42,27,0,28,16,64,-20,0,402,3,15,63,12
nomad,42,28,0,28,16,64,-20,0,410,3,15,63,12
builder,7,1,70,58,16,54,20,0,153,3,15,50,12
builder,7,2,45,52,16,54,14,0,155,3,15,50,12
builder,7,3,10,55,16,54,17,0,157,3,15,50,12
builder,7,4,12,56,16,56,16,0,188,3,15,50,12
builder,7,5,12,56,16,56,16,0,188,3,15,50,12
builder,7,6,0,50,16,56,10,0,188,3,15,50,12
builder,7,7,0,49,16,56,9,0,188,3,15,50,12
builder,7,8,0,48,16,56,8,0,188,3,15,50,12
builder,7,9,2,48,16,60,4,0,188,3,15,50,12
builder,7,10,4,46,16,60,2,0,188,3,15,50,12
builder,7,11,8,52,16,60,8,0,188,3,15,50,12
builder,7,12,20,56,16,60,12,0,190,3,15,50,12
builder,7,13,23,56,16,61,11,0,192,3,15,50,12
builder,7,14,0,60,16,62,14,0,194,3,15,50,12
builder,7,15,4,52,16,60,8,0,196,3,15,50,12
builder,7,16,2,52,16,60,8,0,198,3,15,50,12
builder,7,17,16,60,16,60,16,0,213,3,15,50,12
builder,7,18,31,63,16,64,15,0,213,3,15,50,12
builder,7,19,2,57,16,64,9,0,213,3,15,50,12
builder,7,20,4,57,16,64,9,0,213,3,15,50,12
builder,7,21,1,73,16,70,19,0,217,3,15,50,12
builder,7,22,2,60,16,72,4,0,223,3,15,50,12
builder,7,23,0,62,16,72,6,0,229,3,15,50,12
builder,7,24,10,66,16,72,10,0,235,3,15,50,12
builder,7,25,0,72,16,72,16,0,241,3,15,50,12
builder,7,26,0,72,16,72,16,0,247,3,15,50,12
builder,7,27,8,64,16,72,8,0,253,3,15,50,12
builder,7,28,6,72,16,74,14,0,259,3,15,50,12
builder,7,29,4,72,16,72,16,0,265,3,15,50,12
builder,7,30,4,72,16,72,16,0,271,3,15,50,12
builder,42,1,68,56,16,54,18,0,157,3,15,50,12
builder,42,2,85,56,16,54,18,0,163,3,15,50,12
builder,42,3,85,63,16,54,25,0,169,3,15,50,12
builder,42,4,98,52,16,54,14,0,175,3,15,50,12
builder,42,5,109,55,16,54,17,0,181,3,15,50,12
builder,42,6,11,63,16,54,25,0,171,3,15,40,12
builder,42,7,57,84,16,54,46,0,177,3,15,40,12
builder,42,8,89,97,16,56,57,0,167,3,15,30,12
builder,42,9,65,112,16,62,66,0,157,3,15,20,12
builder,42,10,76,147,16,62,101,0,147,3,15,10,12
builder,42,11,127,188,16,62,142,0,137,3,15,0,12
builder,42,12,122,204,16,65,155,0,103,3,15,0,12
builder,42,13,269,197,16,66,147,0,109,3,15,0,12
builder,42,14,492,181,16,66,131,0,115,3,15,0,12
builder,42,15,592,200,16,66,150,0,121,3,15,0,12
builder,42,16,448,197,16,216,-3,0,120,3,15,0,12
builder,42,17,324,227,16,367,-124,0,113,3,15,0,12
builder,42,18,174,207,16,373,-150,0,121,3,15,0,12
builder,42,19,164,200,16,226,-10,0,129,3,15,0,12
builder,42,20,283,216,16,77,155,0,139,3,15,0,14
builder,42,21,423,200,16,76,140,0,161,3,15,0,14
builder,42,22,383,200,16,77,139,0,149,3,15,0,14
builder,42,23,304,200,16,72,144,0,160,3,15,0,17
builder,42,24,0,199,16,72,143,0,169,3,15,0,18
builder,42,25,140,196,16,72,140,0,177,3,15,0,18
builder,42,26,72,200,16,72,144,0,185,3,15,0,18
builder,42,27,0,199,16,68,147,0,193,3,15,0,18
builder,42,28,144,196,16,68,144,0,201,3,15,0,18
builder,42,29,148,222,16,68,170,0,207,3,15,0,18
builder,42,30,0,196,16,68,144,0,215,3,15,0,18
builder,42,31,36,196,16,68,144,0,223,3,15,0,18
builder,42,32,36,177,16,68,125,0,231,3,15,0,18
builder,42,33,0,222,16,68,170,0,239,3,15,0,18
builder,42,34,72,196,16,68,144,0,247,3,15,0,18
builder,42,35,76,196,16,68,144,0,235,3,15,0,18
builder,42,36,227,207,16,72,151,0,243,3,15,0,18
builder,42,37,227,196,16,72,140,0,231,3,15,0,18
builder,42,38,151,196,16,72,140,0,239,3,15,0,18
builder,42,39,276,181,16,72,125,0,247,3,15,0,18
builder,42,40,416,196,16,72,140,0,255,3,15,0,18
builder,42,41,510,176,16,72,120,0,264,3,15,0,19
builder,42,42,337,200,16,72,144,0,256,3,15,0,23
builder,42,43,477,196,16,72,140,0,265,3,15,0,24
builder,42,44,636,215,16,72,159,0,273,3,15,0,24
builder,42,45,767,187,16,72,131,0,281,3,15,0,24
builder,42,46,912,201,16,72,145,0,291,3,15,0,26
builder,42,47,757,186,16,72,130,0,283,3,15,0,30
builder,42,48,894,226,16,72,170,0,295,3,15,0,34
builder,42,49,1062,224,16,72,168,0,307,3,15,0,38
builder,42,50,1197,191,16,72,135,0,319,3,15,0,42
builder,42,51,1349,208,16,72,152,0,331,3,15,0,46
builder,42,52,1361,208,16,72,152,0,323,3,15,0,50
builder,42,53,1575,270,16,72,214,0,335,3,15,0,54
builder,42,54,1727,208,16,72,152,0,347,3,15,0,58
builder,42,55,1902,231,16,72,175,0,359,3,15,0,62
builder,42,56,2096,189,16,72,133,0,371,3,15,0,66
builder,42,57,2111,211,16,72,155,0,363,3,15,0,70
builder,42,58,2280,260,16,72,204,0,375,3,15,0,74
builder,42,59,2436,212,16,72,156,0,387,3,15,0,78
builder,42,60,2658,215,16,72,159,0,399,3,15,0,82
builder,42,61,2826,224,16,72,168,0,411,3,15,0,86
builder,42,62,2854,224,16,72,168,0,403,3,15,0,90
builder,42,63,2994,196,16,72,140,0,415,3,15,0,94
builder,42,64,3155,217,16,72,161,0,427,3,15,0,98
builder,42,65,3319,221,16,73,164,0,439,3,15,0,102
builder,42,66,3491,232,16,76,172,0,451,3,15,0,106
builder,42,67,3515,224,16,76,164,0,466,3,15,0,110
builder,42,68,3672,234,16,76,174,0,478,3,15,0,114
builder,42,69,3817,228,16,76,168,0,490,3,15,0,118
builder,42,70,3985,228,16,76,168,0,502,3,15,0,122
builder,42,71,4208,283,16,76,223,0,514,3,15,0,126
builder,42,72,4214,228,16,76,168,0,506,3,15,0,130
builder,42,73,4383,229,16,76,169,0,518,3,15,0,134
builder,42,74,4572,249,16,76,189,0,530,3,15,0,138
builder,42,75,4756,244,16,76,184,0,542,3,15,0,142
builder,42,76,4940,244,16,76,184,0,554,3,15,0,146
builder,42,77,5036,255,16,76,195,0,546,3,15,0,150
builder,42,78,5223,247,16,76,187,0,558,3,15,0,154
builder,42,79,5414,251,16,76,191,0,570,3,15,0,158
builder,42,80,5602,248,16,76,188,0,582,3,15,0,162
builder,42,81,5887,252,16,76,192,0,594,3,15,0,166
builder,42,82,5907,257,16,76,197,0,586,3,15,0,170
builder,42,83,6117,274,16,80,210,0,598,3,15,0,174
builder,42,84,6340,284,16,77,223,0,610,3,15,0,178
builder,42,85,6546,266,16,76,206,0,635,3,15,0,182
builder,42,86,6938,320,16,76,260,0,647,3,15,0,186
builder,42,87,6926,221,16,76,161,0,639,3,15,0,190
builder,42,88,7093,231,16,80,167,0,651,3,15,0,194
builder,42,89,7302,271,16,78,209,0,663,3,15,0,198
builder,42,90,7534,296,16,80,232,0,675,3,15,0,202
builder,42,91,7769,266,16,80,202,0,687,3,15,0,206
builder,42,92,7771,234,16,80,170,0,679,3,15,0,210
builder,42,93,8009,302,16,80,238,0,691,3,15,0,214
builder,42,94,8289,284,16,80,220,0,703,3,15,0,218
builder,42,95,8513,288,16,80,224,0,715,3,15,0,222
builder,42,96,8773,326,16,82,260,0,727,3,15,0,226
builder,42,97,8898,239,16,84,171,0,719,3,15,0,230
builder,42,98,9130,304,16,84,236,0,731,3,15,0,234
builder,42,99,9370,308,16,84,240,0,743,3,15,0,238
builder,42,100,9613,311,16,84,243,0,755,3,15,0,242
isolationist,7,1,19,27,16,54,-11,0,145,3,15,60,12
isolationist,7,2,0,24,16,54,-14,0,147,3,15,60,12
isolationist,7,3,0,26,16,54,-12,0,149,3,15,60,12
isolationist,7,4,0,28,16,56,-12,0,180,3,15,60,12
isolationist,7,5,0,28,16,56,-12,0,180,3,15,60,12
isolationist,7,6,0,25,16,56,-15,0,180,3,15,60,12
isolationist,7,7,0,25,16,56,-15,0,180,3,15,60,12
isolationist,7,8,0,24,16,62,-22,0,180,3,15,60,12
isolationist,7,9,0,22,16,60,-22,0,180,3,15,60,12
isolationist,7,10,0,21,16,60,-23,0,168,3,15,60,12
isolationist,7,11,0,24,16,60,-20,0,168,3,15,60,12
isolationist,7,12,0,25,16,60,-19,0,170,3,15,60,12
isolationist,7,13,0,28,16,62,-18,0,172,3,15,60,12
isolationist,7,14,0,29,16,62,-17,0,174,3,15,60,12
isolationist,7,15,0,24,16,60,-20,0,176,3,15,60,12
isolationist,7,16,0,24,16,68,-28,0,178,3,15,60,12
isolationist,7,17,0,28,16,68,-24,0,193,3,15,60,12
isolationist,7,18,0,30,16,72,-26,0,193,3,15,60,12
isolationist,7,19,0,28,16,72,-28,0,193,3,15,60,12
isolationist,7,20,0,28,16,72,-28,0,193,3,15,60,12
isolationist,7,21,0,38,16,72,-18,0,195,3,15,60,12
isolationist,7,22,0,32,16,72,-24,0,185,3,15,60,12
isolationist,7,23,0,34,16,72,-22,0,187,3,15,60,12
isolationist,42,1,17,25,16,54,-13,0,149,3,15,60,12
isolationist,42,2,5,26,16,54,-12,0,155,3,15,60,12
isolationist,42,3,0,28,16,54,-10,0,161,3,15,60,12
isolationist,42,4,0,24,16,53,-13,0,167,3,15,60,12
isolationist,42,5,41,24,16,53,-13,0,173,3,15,60,12
isolationist,42,6,0,24,16,53,-13,0,179,3,15,60,12
isolationist,42,7,0,24,16,53,-13,0,185,3,15,60,12
isolationist,42,8,27,22,16,61,-23,0,191,3,15,60,12
isolationist,42,9,5,23,16,61,-22,0,197,3,15,60,12
isolationist,42,10,0,24,16,61,-21,0,203,3,15,60,12
isolationist,42,11,0,25,16,61,-20,0,209,3,15,60,12
isolationist,42,12,0,28,16,64,-20,0,215,3,15,60,12
isolationist,42,13,0,28,16,65,-21,0,221,3,15,60,12
isolationist,42,14,0,25,16,65,-24,0,227,3,15,60,12
isolationist,42,15,0,28,16,64,-20,0,233,3,15,60,12
isolationist,42,16,0,28,16,71,-27,0,254,3,15,60,12
isolationist,42,17,0,32,16,69,-21,0,245,3,15,60,12
isolationist,42,18,0,29,16,72,-27,0,251,3,15,60,12
isolationist,42,19,0,28,16,72,-28,0,257,3,15,60,12
isolationist,42,20,0,30,16,72,-26,0,251,3,15,60,12
isolationist,42,21,0,28,16,72,-28,0,269,3,15,60,12
isolationist,42,22,0,28,16,72,-28,0,273,3,15,60,12
isolationist,42,23,0,28,16,72,-28,0,277,3,15,60,12
expansionist,7,1,24,32,16,54,-6,0,139,3,15,36,12
expansionist,7,2,0,32,16,54,-6,0,143,3,15,36,12
expansionist,7,3,0,33,16,54,-5,0,147,3,15,36,12
expansionist,7,4,0,32,16,56,-8,0,181,3,15,36,12
expansionist,7,5,0,32,16,56,-8,0,185,3,15,36,12
expansionist,7,6,0,29,16,56,-11,0,189,3,15,36,12
expansionist,7,7,0,28,16,56,-12,0,193,3,15,36,12
expansionist,7,8,0,28,16,56,-12,0,197,3,15,36,12
expansionist,7,9,0,28,16,60,-16,0,201,3,15,36,12
expansionist,7,10,0,25,16,60,-19,0,180,3,15,11,12
expansionist,7,11,0,26,16,69,-27,0,184,3,15,11,12
expansionist,7,12,0,34,16,72,-22,0,188,3,15,11,12
expansionist,7,13,0,36,16,76,-24,0,192,3,15,11,12
expansionist,7,14,0,37,16,74,-21,0,196,3,15,11,12
expansionist,7,15,0,32,16,72,-24,0,200,3,15,11,12
expansionist,7,16,0,32,16,80,-32,0,204,3,15,11,12
expansionist,7,17,0,39,16,84,-29,0,221,3,15,11,12
expansionist,7,18,0,45,16,84,-23,0,225,3,15,11,12
expansionist,7,19,0,41,16,84,-27,0,229,3,15,11,12
expansionist,7,20,0,40,16,84,-28,0,233,3,15,11,12
expansionist,7,21,0,52,16,84,-16,0,237,3,15,11,12
expansionist,7,22,0,44,16,92,-32,0,233,3,15,3,12
expansionist,42,1,58,16,16,54,-22,0,150,3,15,35,12
expansionist,42,2,0,16,16,53,-21,0,158,3,15,35,12
expansionist,42,3,0,18,16,52,-18,0,166,3,15,35,12
expansionist,42,4,0,16,16,52,-20,0,174,3,15,35,12
expansionist,42,5,38,16,16,52,-20,0,182,3,15,35,12
expansionist,42,6,0,16,16,52,-20,0,190,3,15,35,12
expansionist,42,7,0,16,16,52,-20,0,198,3,15,35,12
expansionist,42,8,0,14,16,54,-24,0,206,3,15,35,12
expansionist,42,9,0,15,16,60,-29,0,214,3,15,35,12
expansionist,42,10,0,16,16,60,-28,0,222,3,15,35,12
expansionist,42,11,0,17,16,60,-27,0,230,3,15,35,12
expansionist,42,12,0,19,16,60,-25,0,238,3,15,35,12
expansionist,42,13,0,20,16,60,-24,0,246,3,15,35,12
expansionist,42,14,0,18,16,60,-26,0,254,3,15,35,12
expansionist,42,15,0,20,16,60,-24,0,262,3,15,35,12
expansionist,42,16,0,20,16,68,-32,0,285,3,15,35,12
expansionist,42,17,0,21,16,68,-31,0,278,3,15,35,12
expansionist,42,18,0,20,16,68,-32,0,286,3,15,35,12
expansionist,42,19,0,20,16,76,-40,0,294,3,15,35,12
expansionist,42,20,25,21,16,76,-39,0,286,3,15,19,12
expansionist,42,21,0,20,16,76,-40,0,308,3,15,19,12
expansionist,42,22,0,20,16,76,-40,0,316,3,15,19,12
expansionist,42,23,0,20,16,76,-40,0,324,3,15,19,12
expansionist,42,24,2,20,16,76,-40,0,316,3,15,3,12
balanced,7,1,55,44,16,54,6,0,115,3,15,18,12
balanced,7,2,46,52,16,54,14,0,85,3,15,18,12
balanced,7,3,28,55,16,54,17,0,77,3,15,18,12
balanced,7,4,12,56,16,56,16,0,108,3,15,18,12
balanced,7,5,37,56,16,56,16,0,94,3,15,18,12
balanced,7,6,0,50,16,58,8,0,85,3,15,9,12
balanced,7,7,0,49,16,64,1,0,75,3,15,9,12
balanced,7,8,0,48,16,62,2,0,69,3,8,9,12
balanced,7,9,2,48,16,60,4,0,71,3,8,9,12
balanced,7,10,4,46,16,60,2,0,65,3,8,9,12
balanced,7,11,43,52,16,60,8,0,61,3,8,9,6
balanced,7,12,76,56,16,60,12,0,56,3,8,9,6
balanced,7,13,73,56,16,62,10,0,53,3,8,9,6
balanced,7,14,69,60,16,65,11,0,55,3,8,9,6
balanced,7,15,75,56,16,70,3,0,51,3,8,9,6
balanced,7,16,69,55,16,70,1,0,49,3,8,5,6
balanced,7,17,40,61,16,72,5,0,59,3,8,5,6
balanced,7,18,0,64,16,74,6,0,54,3,8,5,6
balanced,7,19,4,60,16,72,4,0,54,3,8,5,6
balanced,7,20,23,60,16,72,4,0,49,3,8,5,6
balanced,7,21,57,76,16,72,20,0,46,3,8,5,6
balanced,7,22,145,64,16,80,0,0,44,3,4,5,6
balanced,7,23,107,66,16,81,1,0,41,3,4,5,6
balanced,7,24,98,71,16,81,6,0,43,3,4,5,6
balanced,7,25,116,79,16,82,13,0,41,3,4,5,6
balanced,7,26,130,80,16,82,14,0,38,3,4,5,6
balanced,7,27,138,74,16,83,7,0,40,3,4,5,6
balanced,7,28,155,84,16,83,17,0,37,3,4,5,6
balanced,7,29,133,84,16,88,12,0,39,3,4,5,6
balanced,7,30,115,85,16,88,13,0,41,3,4,5,6
balanced,7,31,114,88,16,89,15,0,38,3,4,5,6
balanced,7,32,185,80,16,89,7,0,49,3,13,5,6
balanced,7,33,258,82,16,90,8,0,46,3,7,5,6
balanced,7,34,295,109,16,93,32,0,40,3,7,5,6
balanced,7,35,269,99,16,97,18,0,46,3,7,5,6
balanced,7,36,283,100,16,98,18,0,47,3,7,5,6
balanced,7,37,304,92,16,98,10,0,53,3,7,5,6
balanced,7,38,324,104,16,99,21,0,52,3,7,5,6
balanced,7,39,340,114,16,99,31,0,58,3,7,5,6
balanced,7,40,360,107,16,100,23,0,58,3,7,5,6
balanced,7,41,6,105,16,95,26,0,46,3,7,5,6
balanced,7,42,64,124,16,92,48,0,47,3,7,5,6
balanced,7,43,29,112,16,92,36,0,48,3,7,5,6
balanced,7,44,10,98,16,94,20,0,54,3,7,5,6
balanced,7,45,15,96,16,92,20,0,55,3,7,5,6
balanced,7,46,0,104,16,92,28,0,56,3,7,5,6
balanced,7,47,111,113,16,92,37,0,54,3,7,5,6
balanced,7,48,118,87,16,93,10,0,54,3,7,5,6
balanced,7,49,84,112,16,93,35,0,48,3,7,5,6
balanced,7,50,107,104,16,93,27,0,48,3,7,5,6
balanced,7,51,124,100,16,94,22,0,49,3,7,5,6
balanced,7,52,165,109,16,94,31,0,50,3,7,5,6
balanced,7,53,52,100,16,93,23,0,51,3,7,5,6
balanced,7,54,52,105,16,92,29,0,57,3,7,5,6
balanced,7,55,67,92,16,93,15,0,71,3,7,5,6
balanced,7,56,171,104,16,93,27,0,67,3,7,5,6
balanced,7,57,148,97,16,93,20,0,53,3,7,5,6
balanced,7,58,158,112,16,94,34,0,51,3,7,5,6
balanced,7,59,176,115,16,98,33,0,57,3,7,5,6
balanced,7,60,203,131,16,99,48,0,57,3,7,5,6
balanced,7,61,203,120,16,99,37,0,55,3,7,5,6
balanced,7,62,322,128,16,99,45,0,69,3,15,5,6
balanced,7,63,303,116,16,100,32,0,54,3,15,5,6
balanced,7,64,333,130,16,100,46,0,86,3,41,5,6
balanced,7,65,449,116,16,101,31,0,101,3,21,5,6
balanced,7,66,513,116,16,100,32,0,83,3,21,5,6
balanced,7,67,557,129,16,100,45,0,75,3,21,5,6
balanced,7,68,628,121,16,101,36,0,71,3,11,5,6
balanced,7,69,586,112,16,100,28,0,88,3,11,5,6
balanced,7,70,627,116,16,100,32,0,80,3,11,5,6
balanced,7,71,652,107,16,101,22,0,75,3,11,5,6
balanced,7,72,783,116,16,101,31,0,68,3,11,5,6
balanced,7,73,745,102,16,102,16,0,53,3,11,5,6
balanced,7,74,773,129,16,102,43,0,59,3,11,5,6
balanced,7,75,869,107,16,103,20,0,58,3,11,5,6
balanced,7,76,863,104,16,103,17,0,58,3,11,5,6
balanced,7,77,914,120,16,104,32,0,58,3,11,5,6
balanced,7,78,1057,122,16,104,34,0,56,3,11,5,6
balanced,7,79,1103,149,16,105,60,0,62,3,11,5,6
balanced,7,80,1237,152,16,105,63,0,62,3,11,5,6
balanced,7,81,1284,140,16,106,50,0,50,3,11,5,6
balanced,7,82,1364,147,16,109,54,0,51,3,6,5,6
balanced,7,83,1422,151,16,111,56,0,49,3,6,5,6
balanced,7,84,1541,160,16,111,65,0,55,3,6,5,6
balanced,7,85,1583,141,16,112,45,0,55,3,6,5,6
balanced,7,86,1611,162,16,112,66,0,55,3,6,5,6
balanced,7,87,1579,167,16,113,70,0,44,3,6,5,6
balanced,7,88,1706,170,16,113,73,0,45,3,6,5,6
balanced,7,89,1789,195,16,114,97,0,51,3,6,5,6
balanced,7,90,1852,199,16,114,101,0,53,3,6,5,6
balanced,7,91,1944,191,16,114,93,0,56,3,6,5,6
balanced,7,92,2045,186,16,118,84,0,78,3,28,5,6
balanced,7,93,2139,195,16,120,91,0,60,3,14,5,6
balanced,7,94,2182,162,16,120,58,0,68,3,14,5,6
balanced,7,95,2368,201,16,120,97,0,67,3,14,5,6
balanced,7,96,2423,194,16,121,89,0,56,3,7,5,6
balanced,7,97,2538,201,16,121,96,0,55,3,7,5,6
balanced,7,98,2620,189,16,122,83,0,56,3,7,5,6
balanced,7,99,2619,196,16,123,89,0,52,3,7,5,6
balanced,7,100,2732,227,16,127,116,0,54,3,7,5,6
balanced,42,1,96,25,16,55,-14,0,131,3,15,30,12
balanced,42,2,42,19,16,61,-26,0,92,3,15,5,12
balanced,42,3,12,31,16,67,-20,0,90,3,15,5,12
balanced,42,4,0,28,16,66,-22,0,100,3,15,5,12
balanced,42,5,37,28,16,66,-22,0,100,3,15,5,12
balanced,42,6,0,27,16,68,-25,0,100,3,15,5,12
balanced,42,7,0,24,16,73,-33,0,97,3,15,5,12
balanced,42,8,7,21,16,73,-36,0,97,3,15,5,12
balanced,42,9,0,20,16,73,-37,0,107,3,15,5,12
balanced,42,10,0,20,16,73,-37,0,106,3,15,5,12
balanced,42,11,0,21,16,73,-36,0,105,3,15,5,12
balanced,42,12,2,24,16,73,-33,0,102,3,15,5,12
balanced,42,13,14,24,16,73,-33,0,99,3,15,5,12
balanced,42,14,22,22,16,75,-37,0,109,3,15,5,12
balanced,42,15,0,24,16,81,-41,0,108,3,15,5,12
balanced,42,16,0,24,16,81,-41,0,133,3,15,5,12
balanced,42,17,42,27,16,81,-38,0,126,3,15,5,12
balanced,42,18,8,25,16,81,-40,0,123,3,15,5,12
balanced,42,19,0,24,16,81,-41,0,133,3,15,5,12
balanced,42,20,0,26,16,81,-39,0,128,3,15,5,12
balanced,42,21,0,24,16,81,-41,0,134,3,15,5,12
balanced,42,22,0,24,16,89,-49,0,128,3,15,5,12
exploit-hunter,7,1,0,68,16,53,31,0,78,3,16,3,12
exploit-hunter,7,2,85,80,16,53,43,0,59,3,9,7,6
exploit-hunter,7,3,70,84,16,58,42,0,43,3,5,7,6
exploit-hunter,7,4,65,84,16,63,37,0,56,3,5,7,6
exploit-hunter,7,5,67,84,16,64,36,0,45,3,5,7,6
exploit-hunter,7,6,64,74,16,68,22,0,42,3,5,7,6
exploit-hunter,7,7,60,74,16,75,15,0,40,3,5,7,6
exploit-hunter,7,8,60,72,16,75,13,0,42,3,5,7,6
exploit-hunter,7,9,98,70,16,72,14,0,40,3,5,7,6
exploit-hunter,7,10,161,69,16,74,11,0,42,3,5,7,6
exploit-hunter,7,11,109,80,16,76,20,0,40,3,5,7,6
exploit-hunter,7,12,83,83,16,77,22,0,42,3,5,7,6
exploit-hunter,7,13,67,80,16,79,17,0,40,3,5,7,6
exploit-hunter,7,14,53,86,16,81,21,0,42,3,5,7,6
exploit-hunter,7,15,55,80,16,81,15,0,40,3,5,7,6
exploit-hunter,7,16,57,80,16,82,14,0,42,3,5,7,6
exploit-hunter,7,17,47,91,16,81,26,0,52,3,5,7,6
exploit-hunter,7,18,54,89,16,86,19,0,42,3,5,7,6
exploit-hunter,7,19,56,84,16,86,14,0,43,3,5,7,6
exploit-hunter,7,20,55,83,16,87,12,0,41,3,5,7,6
exploit-hunter,7,21,58,101,16,90,27,0,43,3,5,7,6
exploit-hunter,7,22,93,84,16,98,2,0,41,3,5,7,6
exploit-hunter,7,23,43,84,16,99,1,0,43,3,5,7,6
exploit-hunter,7,24,61,88,16,99,5,0,41,3,5,7,6
exploit-hunter,7,25,58,92,16,100,8,0,43,3,5,7,6
exploit-hunter,7,26,52,90,16,100,6,0,41,3,5,7,6
exploit-hunter,7,27,47,79,16,100,-5,0,43,3,5,7,6
exploit-hunter,7,28,51,88,16,101,3,0,41,3,5,7,6
exploit-hunter,7,29,35,88,16,101,3,0,43,3,5,7,6
exploit-hunter,7,30,27,88,16,101,3,0,41,3,5,7,6
exploit-hunter,7,31,16,88,16,99,5,0,43,3,5,7,6
exploit-hunter,7,32,112,79,16,96,-1,0,43,3,7,7,6
exploit-hunter,7,33,109,77,16,97,-4,0,45,3,7,7,6
exploit-hunter,7,34,165,99,16,99,16,0,43,3,7,7,6
exploit-hunter,7,35,91,87,16,101,2,0,45,3,7,7,6
exploit-hunter,7,36,57,88,16,103,1,0,43,3,7,7,6
exploit-hunter,7,37,53,79,16,104,-9,0,45,3,7,7,6
exploit-hunter,7,38,53,88,17,106,-1,0,43,3,7,7,6
exploit-hunter,7,39,56,95,20,112,3,0,45,3,7,7,6
exploit-hunter,7,40,52,88,20,113,-5,0,43,3,7,7,6
exploit-hunter,7,41,46,86,20,113,-7,0,45,3,7,7,6
exploit-hunter,7,42,47,103,22,113,12,0,43,3,7,7,6
exploit-hunter,7,43,0,93,18,112,-1,0,45,3,7,7,6
exploit-hunter,7,44,63,80,23,105,-2,0,43,3,7,7,6
exploit-hunter,7,45,46,80,20,105,-5,0,45,3,7,7,6
exploit-hunter,7,46,48,87,21,107,1,0,43,3,7,7,6
exploit-hunter,7,47,80,94,25,110,9,0,45,3,7,7,6
exploit-hunter,7,48,52,70,21,108,-17,0,43,3,7,7,6
exploit-hunter,7,49,53,90,20,108,2,0,45,3,7,7,6
exploit-hunter,7,50,32,82,21,113,-10,0,43,3,7,7,6
exploit-hunter,7,51,16,80,20,116,-16,0,45,3,7,7,6
exploit-hunter,7,52,23,87,20,113,-6,0,43,3,7,7,6
exploit-hunter,7,53,12,80,20,111,-11,0,45,3,7,7,6
exploit-hunter,7,54,0,83,17,106,-6,0,43,3,7,7,6
exploit-hunter,7,55,18,70,19,100,-11,0,47,3,7,7,6
exploit-hunter,7,56,76,80,24,100,4,0,43,3,7,7,6
exploit-hunter,7,57,55,72,20,101,-9,0,45,3,7,7,6
exploit-hunter,7,58,22,83,22,105,0,0,43,3,7,7,6
exploit-hunter,7,59,14,80,20,108,-8,0,45,3,7,7,6
exploit-hunter,7,60,8,89,20,106,3,0,43,3,7,7,6
exploit-hunter,42,1,32,56,16,53,19,0,87,3,15,20,12
exploit-hunter,42,2,130,53,16,53,16,0,73,3,8,8,12
exploit-hunter,42,3,153,60,16,54,22,0,59,3,8,9,6
exploit-hunter,42,4,127,52,16,57,11,0,49,3,8,5,6
exploit-hunter,42,5,118,52,16,59,9,0,43,3,4,5,6
exploit-hunter,42,6,43,52,16,63,5,0,45,3,4,5,6
exploit-hunter,42,7,49,52,16,70,-2,0,43,3,4,5,6
exploit-hunter,42,8,78,47,16,71,-8,0,45,3,4,5,6
exploit-hunter,42,9,54,49,16,73,-8,0,43,3,4,5,6
exploit-hunter,42,10,45,52,16,73,-5,0,45,3,4,5,6
exploit-hunter,42,11,49,54,16,74,-4,0,43,3,4,5,6
exploit-hunter,42,12,56,57,16,74,-1,0,45,3,4,5,6
exploit-hunter,42,13,49,56,16,75,-3,0,43,3,4,5,6
exploit-hunter,42,14,128,50,16,75,-9,0,45,3,4,5,6
exploit-hunter,42,15,53,52,16,77,-9,0,43,3,4,5,6
exploit-hunter,42,16,60,52,16,77,-9,0,50,3,4,5,6
exploit-hunter,42,17,54,60,16,78,-2,0,43,3,4,5,6
exploit-hunter,42,18,41,54,16,79,-9,0,45,3,4,5,6
exploit-hunter,42,19,51,52,16,79,-11,0,43,3,4,5,6
exploit-hunter,42,20,124,56,16,87,-15,0,45,3,4,5,6
exploit-hunter,42,21,92,52,16,89,-21,0,48,3,4,5,6
exploit-hunter,42,22,29,52,16,91,-23,0,44,3,4,5,6
exploit-hunter,42,23,29,52,16,90,-22,0,42,3,4,5,6
exploit-hunter,42,24,71,52,16,90,-22,0,44,3,4,5,6
exploit-hunter,42,25,46,52,16,92,-24,0,42,3,4,5,6
exploit-hunter,42,26,31,52,16,92,-24,0,44,3,4,5,6
exploit-hunter,42,27,30,52,16,91,-23,0,42,3,4,5,6
exploit-hunter,42,28,19,52,16,88,-20,0,44,3,4,5,6
exploit-hunter,42,29,102,59,16,86,-11,0,55,3,4,5,6
exploit-hunter,42,30,105,52,16,86,-18,0,48,3,4,5,6
exploit-hunter,42,31,59,52,16,88,-20,0,46,3,4,5,6
exploit-hunter,42,32,42,47,16,89,-26,0,48,3,4,5,6
exploit-hunter,42,33,50,59,16,89,-14,0,46,3,4,5,6
exploit-hunter,42,34,38,52,16,89,-21,0,48,3,4,5,6
exploit-hunter,42,35,38,52,16,89,-21,0,46,3,4,5,6
exploit-hunter,42,36,48,61,16,93,-16,0,51,3,4,5,5
exploit-hunter,42,37,52,60,19,99,-20,0,49,3,4,5,5
exploit-hunter,42,38,121,60,26,103,-17,0,51,3,4,5,5
exploit-hunter,42,39,96,55,25,105,-25,0,49,3,4,5,5
exploit-hunter,42,40,60,60,23,107,-24,0,51,3,4,5,5
exploit-hunter,42,41,36,53,20,106,-33,0,49,3,4,5,5
exploit-hunter,42,42,10,60,20,105,-25,0,51,3,4,5,5
exploit-hunter,42,43,34,60,19,103,-24,0,49,3,4,5,5
exploit-hunter,42,44,54,66,20,101,-15,0,51,3,4,5,5
exploit-hunter,42,45,53,57,20,102,-25,0,49,3,4,5,5
exploit-hunter,42,46,44,63,20,103,-20,0,51,3,4,5,5
exploit-hunter,42,47,114,57,23,103,-23,0,49,3,4,5,5
exploit-hunter,42,48,60,73,24,105,-8,0,51,3,4,5,5
exploit-hunter,42,49,51,72,21,114,-21,0,49,3,4,5,5
exploit-hunter,42,50,38,59,20,115,-36,0,51,3,4,5,5
exploit-hunter,42,51,44,64,20,114,-30,0,49,3,4,5,5
exploit-hunter,42,52,46,62,20,115,-33,0,51,3,4,5,5
exploit-hunter,42,53,67,79,21,115,-15,0,49,3,4,5,5
exploit-hunter,42,54,42,60,20,116,-36,0,51,3,4,5,5
exploit-hunter,42,55,49,67,20,116,-29,0,49,3,4,5,5
exploit-hunter,42,56,93,55,22,117,-40,0,51,3,4,5,5
exploit-hunter,42,57,49,60,22,126,-44,0,49,3,4,5,5
exploit-hunter,42,58,15,73,19,125,-33,0,51,3,4,5,5
exploit-hunter,42,59,22,60,19,120,-41,0,49,3,4,5,5
exploit-hunter,42,60,47,60,22,119,-37,0,51,3,4,5,5
exploit-hunter,42,61,46,62,20,120,-38,0,49,3,4,5,5
exploit-hunter,42,62,43,62,20,120,-38,0,51,3,4,5,5
exploit-hunter,42,63,45,54,20,120,-46,0,49,3,4,5,5
exploit-hunter,42,64,41,61,20,120,-39,0,51,3,4,5,5
exploit-hunter,42,65,42,64,20,119,-35,0,55,3,4,5,5
exploit-hunter,42,66,42,66,20,121,-35,0,51,3,4,5,5
exploit-hunter,42,67,48,64,20,119,-35,0,54,3,4,5,9
exploit-hunter,42,68,27,66,20,120,-34,0,51,3,4,5,8
exploit-hunter,42,69,16,64,20,120,-36,0,49,3,4,5,8
exploit-hunter,42,70,13,61,20,119,-38,0,51,3,4,5,8
exploit-hunter,42,71,38,75,20,117,-22,0,49,3,4,5,8
exploit-hunter,42,72,0,60,19,118,-39,0,51,3,4,5,8
exploit-hunter,42,73,15,61,20,114,-33,0,49,3,4,5,8
exploit-hunter,42,74,24,66,20,113,-27,0,51,3,4,5,8
exploit-hunter,42,75,40,60,20,112,-32,0,49,3,4,5,8
exploit-hunter,42,76,30,60,20,112,-32,0,51,3,4,5,8
exploit-hunter,42,77,90,62,21,112,-29,0,49,3,4,5,8
exploit-hunter,42,78,49,63,23,114,-28,0,51,3,4,5,8
exploit-hunter,42,79,43,64,21,115,-30,0,57,3,4,5,8
exploit-hunter,42,80,34,64,20,116,-32,0,51,3,4,5,8
exploit-hunter,42,81,123,64,24,116,-28,0,49,3,4,5,8
exploit-hunter,42,82,44,64,25,118,-29,0,51,3,4,5,8
exploit-hunter,42,83,47,66,20,119,-33,0,49,3,4,5,8
exploit-hunter,42,84,38,67,21,120,-32,0,51,3,4,5,8
exploit-hunter,42,85,49,62,20,120,-38,0,54,3,4,5,8
exploit-hunter,42,86,164,76,28,121,-17,0,51,3,4,5,8
exploit-hunter,42,87,88,52,28,123,-43,0,49,3,4,5,8
exploit-hunter,42,88,37,53,22,125,-50,0,51,3,4,5,8
exploit-hunter,42,89,29,62,20,126,-44,0,49,3,4,5,8
exploit-hunter,42,90,25,67,20,126,-39,0,51,3,4,5,8
exploit-hunter,42,91,39,60,21,124,-43,0,49,3,4,5,8
exploit-hunter,42,92,0,54,17,123,-52,0,51,3,4,5,8
exploit-hunter,42,93,20,70,20,118,-28,0,49,3,4,5,8
exploit-hunter,42,94,73,64,22,116,-30,0,51,3,4,5,8
exploit-hunter,42,95,41,64,22,118,-32,0,49,3,4,5,8
exploit-hunter,42,96,39,73,21,119,-25,0,51,3,4,5,8
exploit-hunter,42,97,93,54,26,120,-40,0,49,3,4,5,8
exploit-hunter,42,98,45,68,23,122,-31,0,51,3,4,5,8
exploit-hunter,42,99,44,66,20,123,-37,0,49,3,4,5,8
